GOID,fun.ind,fun,GOTerm,FWm,CBm,LDCSm,FWf,CBf,SDCfS,Nr..Genes_FWm,Nr..Genes_CBm,Nr..Genes_LDCSm,Nr..Genes_FWf,Nr..Genes_CBf,Nr..Genes_SDCfS,GOGroups_FWm,GOGroups_CBm,GOGroups_LDCSm,GOGroups_FWf,GOGroups_CBf,GOGroups_SDCfS,OverViewTerm_FWm,OverViewTerm_CBm,OverViewTerm_LDCSm,OverViewTerm_FWf,OverViewTerm_CBf,OverViewTerm_SDCfS,Associated.Genes.Found_FWm,Associated.Genes.Found_CBm,Associated.Genes.Found_LDCSm,Associated.Genes.Found_FWf,Associated.Genes.Found_CBf,Associated.Genes.Found_SDCfS
GO:0009887,0,System development,organ morphogenesis,0.006109474,NA,NA,NA,NA,2.07E-13,48,NA,NA,NA,NA,467,[None],NA,NA,NA,NA,[Group5],TRUE,NA,NA,NA,NA,TRUE,"[ACAN, B4GALT1, CEP290, COL5A2, DAB2, DSCAML1, DSP, EGFR, FBN2, FGF10, FRAS1, FREM1, GAK, GHR, IDUA, ITGA2, ITGB4, LHX9, MAN2A1, MEF2C, MLLT3, MYH7, MYO15A, MYO7A, NCOR2, NFIB, NIPBL, NOTCH1, NRG1, PCNT, PKD1, PKP2, PLXND1, PTCH1, ROR2, SATB2, SAV1, SIK3, SLIT3, SPEF2, STAT3, SYK, TCF7, TEK, THBS1, TLE1, TNC, TNNC1]",NA,NA,NA,NA,"[ACAN, ACTA1, ACTC1, ACVR1, ACVR2B, ADAMTS1, AGT, AGTR2, AGXT, AHI1, ALDH1A2, ALDH1A3, ALX1, ALX4, ANKRD1, ANKRD6, AQP1, AQP3, AR, AREG, ASPN, BAK1, BARX2, BBS4, BBS5, BCOR, BDNF, BHLHE41, BMP10, BMP4, BMP7, BMPR1A, BMPR1B, BSG, BTBD7, BTRC, CA2, CALB1, CAPN1, CASZ1, CAV1, CAV3, CCDC39, CCDC40, CCDC66, CCM2L, CD44, CDH23, CDX1, CDX2, CDX4, CELSR1, CEP290, CER1, CFH, CHAD, CHRNA9, CHST11, CHSY1, CLDN5, CLIC5, CLRN1, CNGA3, CNRIP1, COL10A1, COL11A1, COL18A1, COL1A2, COL3A1, COL5A2, COL8A1, COL8A2, COL9A1, CPB2, CRB1, CRB2, CRKL, CSGALNACT1, CSRNP1, CTGF, CTHRC1, CTSH, CUL1, CUL3, CYP26B1, CYR61, DCHS1, DCN, DGCR2, DHRS3, DLEC1, DLG1, DLL1, DLL4, DLX2, DLX5, DMRT3, DNAAF1, DSP, DUOX2, DVL1, EDA, EDAR, EDARADD, EDN1, EFEMP1, EGFR, EGLN1, ELF3, ENG, EPHA2, EREG, ERG, ESR1, ETV4, ETV7, EXOC4, EYA1, EYA4, EZR, FAM20A, FAM20C, FAT3, FBN1, FBN2, FGF10, FGF16, FGF2, FGF3, FGF4, FGF6, FGF7, FGF8, FGF9, FGFR2, FGFR3, FGFRL1, FHL1, FHL2, FLI1, FLVCR1, FOLR1, FOXF1, FOXF2, FOXL1, FOXL2, FOXN1, FOXN4, FOXO1, FREM1, FRZB, FZD1, FZD5, FZD7, FZD9, GAA, GATA2, GATA3, GATA4, GATA5, GATA6, GCNT1, GDF7, GDNF, GFI1, GJA1, GJB6, GMNN, GNAT2, GPC6, GREM1, GRHL2, GRHL3, GRXCR1, GSC, GZF1, HAS2, HCCS, HDAC2, HESX1, HEY1, HGF, HHEX, HHIP, HLX, HMGN1, HNF1A, HNF1B, HOXA11, HOXA13, HOXA2, HOXA3, HOXA5, HOXA6, HOXA7, HOXB3, HOXB5, HOXB6, HOXB7, HOXB8, HOXD10, HOXD11, HOXD4, HOXD8, HOXD9, HTR2B, HTRA1, HYAL1, IFNG, IFT57, IGF1, IGF2, IHH, IKZF1, IL6, IL7, IMPAD1, INHBA, INSIG1, INSIG2, IRX2, IRX5, ISL1, ITGA6, ITGA8, ITGB4, JAG1, JAG2, KCNQ4, KDR, KRAS, LAMA1, LAMB1, LEF1, LEMD2, LFNG, LGR4, LHX1, LHX8, LHX9, LRIG3, LRP4, MAFB, MAP2K2, MAPRE2, MATN1, MBD4, MDM2, MEGF11, MET, MGP, MKI67, MKKS, MKS1, MMP13, MMP2, MSN, MST1, MSX2, MTHFD1, MTHFD1L, MYBPC3, MYC, MYF5, MYF6, MYL2, MYL3, MYLK, MYLK2, MYO15A, MYO7A, NAGLU, NDRG4, NEDD4, NF2, NIPBL, NKX3-1, NLE1, NOG, NPHP3, NPNT, NPY1R, NPY5R, NR2E3, NR3C1, NR4A3, NR5A2, NTN1, NTN4, OLFM1, OLFM3, OSR2, OTX2, OVOL2, OXSR1, PALB2, PAX2, PAX3, PAX5, PAX6, PAX9, PCNT, PDE6C, PDGFC, PDGFRA, PDX1, PDZD7, PERP, PEX7, PGF, PGR, PHLDA2, PITX2, PITX3, PKP2, PLAU, POR, POU4F1, POU5F1, PPARA, PRDM1, PRKX, PROM1, PROX1, PRRX2, PTF1A, PTHLH, PTK7, PTN, PTPRM, PTPRQ, PTPRR, PVRL3, RAB23, RAB33B, RBM15, RBP4, RDH10, RFNG, RHOA, RIPPLY2, RNF207, RNMT, ROBO1, ROR1, ROR2, RORA, RORB, RP1, RPE65, RPGR, RS1, RSPO2, RSPO3, RTN4, RUNX2, RXRA, S1PR1, SALL1, SCN10A, SCN5A, SDC1, SEC24B, SEMA3A, SEMA3C, SERPINB5, SERPINH1, SFRP1, SFRP2, SGPL1, SHH, SHOX2, SIX4, SLC24A4, SLC34A1, SLC39A3, SLC4A10, SLC6A4, SLIT3, SMAD3, SMARCD3, SMO, SNAI2, SOSTDC1, SOX1, SOX11, SOX2, SOX3, SPAM1, SPRY2, STC1, STIL, STK40, STOX1, STX2, SULF1, SYK, T, TACSTD2, TBX1, TBX15, TBX2, TBX20, TBX3, TBX4, TBX5, TCF21, TCF7L2, TDRD7, TFAP2A, TFAP2B, TFAP2C, TGFB2, TGFB3, TGFBR1, TGFBR2, TGFBR3, TH, THBS1, THRB, TLX1, TMEM100, TMTC3, TNFAIP3, TNFRSF11B, TNFSF11, TNNC1, TNNI1, TNNT2, TOPORS, TP63, TSHR, TSHZ1, TSKU, TSPAN12, TTN, TULP1, TULP3, TWIST2, TWSG1, UCHL5, UNCX, USH1C, VANGL2, VEGFC, VSX1, VSX2, WDPCP, WDR72, WNT10A, WNT11, WNT16, WNT2, WNT5A, WNT6, WNT7A, WNT7B, WNT8A, WNT9B, WT1, WWTR1, XBP1, XIRP2, YAP1, YY1, ZEB1, ZIC3]"
GO:0032963,0,System development,collagen metabolic process,NA,0.004960452,NA,NA,NA,NA,NA,16,NA,NA,NA,NA,NA,[Group0],NA,NA,NA,NA,NA,FALSE,NA,NA,NA,NA,NA,"[CEL, COL12A1, COL17A1, COL25A1, COL3A1, COL4A2, COL4A3, COL6A3, CTSL, F2, FAP, ITGA2, MMP1, MMP13, MMP27, SERPINB7]",NA,NA,NA,NA
GO:0048598,0,System development,embryonic morphogenesis,NA,NA,NA,NA,NA,1.28E-08,NA,NA,NA,NA,NA,298,NA,NA,NA,NA,NA,"[Group5, Group8]",NA,NA,NA,NA,NA,FALSE,NA,NA,NA,NA,NA,"[ACVR1, ACVR2B, ADIPOQ, AHI1, ALDH1A2, ALDH1A3, ALX1, ALX4, AMOT, APAF1, AR, AREG, BBS4, BBS5, BMP4, BMP7, BMPR1A, CASP8, CCDC39, CCDC40, CDH23, CECR2, CELSR1, CEP290, CER1, CFC1, CHRNA9, CHST11, CLIC5, CLRN1, COBL, COL11A1, COL12A1, COL4A2, COL5A2, COL6A1, COL8A1, COQ7, CRB2, CTHRC1, CUL3, CYP26B1, CYR61, DLEC1, DLG1, DLL1, DLL4, DLX2, DLX5, DNAAF1, DNAJB6, DUSP4, DUSP5, DUSP6, DVL1, EDN1, EFEMP1, ENG, EOMES, EPHA2, ESRRB, ETS2, EXOC4, EXT1, EYA1, EYA4, FBN1, FBN2, FGF10, FGF2, FGF3, FGF4, FGF8, FGF9, FGFR2, FLRT3, FLVCR1, FN1, FOLR1, FOXF1, FOXF2, FOXL2, FOXN4, FRZB, FZD1, FZD5, FZD7, FZD9, GATA2, GATA3, GATA4, GATA6, GCM1, GDF5, GDF7, GDNF, GFI1, GJA1, GJB6, GNA12, GREM1, GRHL2, GRHL3, GRSF1, GSC, HDAC2, HESX1, HHEX, HLX, HMGA2, HNF1A, HNF1B, HNF4A, HOXA10, HOXA11, HOXA13, HOXA2, HOXA3, HOXA5, HOXA6, HOXA7, HOXA9, HOXB3, HOXB5, HOXB6, HOXB7, HOXB8, HOXD10, HOXD11, HOXD4, HOXD9, HTR2B, HYAL1, IFT57, IHH, IMPAD1, INHBA, INSIG1, INSIG2, IRX2, IRX5, ITGA4, ITGA8, ITGB1, ITGB2, ITGB4, ITGB5, JAG2, KCNQ4, KIF20B, KLF4, LAMA3, LAMB1, LATS2, LDHD, LEF1, LHX1, LHX2, LLGL2, LRIG3, LRP4, MAFB, MBD4, MKKS, MKS1, MMP13, MMP15, MMP2, MMP9, MSX2, MTHFD1, MTHFD1L, MYF5, MYH3, MYO15A, MYO7A, NAGLU, NANOG, NDRG4, NF2, NIPBL, NOG, NPHP3, NR4A3, NTN1, NUSAP1, OSR2, OTX2, OVOL2, OXSR1, PAX2, PAX3, PAX5, PAX6, PCDH8, PDGFRA, PDX1, PDZD7, PEX2, PHLDB1, PITX1, PITX2, PLXNB2, POU5F1, PRKACB, PROX1, PRRX2, PTK7, PTPRQ, PTPRR, RAB23, RALA, RBP4, RDH10, RET, RIC8A, RNF207, ROR2, RORA, RPGRIP1L, RSPO2, RSPO3, RUNX2, SALL1, SALL4, SDC4, SEC24B, SFRP1, SFRP2, SHH, SHOX2, SHROOM3, SIX4, SLC39A3, SLC6A4, SMAD3, SMO, SOX11, SOX2, SP8, SPAM1, SPINT1, SPRY2, ST14, STIL, STK3, STOX1, SULF1, T, TAL1, TBC1D32, TBX1, TBX15, TBX2, TBX20, TBX3, TBX4, TBX5, TCF21, TCF7L2, TDGF1, TFAP2A, TGFB3, TGFBR1, TGFBR2, TGIF1, TH, TMED2, TP63, TRIM71, TSHR, TSHZ1, TULP3, TWIST2, TWSG1, TXNRD1, UGDH, USH1C, VANGL2, VCAM1, VEGFC, VTN, WDPCP, WLS, WNT11, WNT16, WNT2, WNT5A, WNT6, WNT7A, WNT7B, WNT8B, WNT9B, YAP1, ZEB1, ZFP36L1, ZIC3, ZNF281]"
GO:0048729,0,System development,tissue morphogenesis,NA,NA,NA,NA,NA,4.40E-11,NA,NA,NA,NA,NA,322,NA,NA,NA,NA,NA,"[Group5, Group8]",NA,NA,NA,NA,NA,TRUE,NA,NA,NA,NA,NA,"[ACTA1, ACTC1, ACVR1, ADAMTS12, AGT, AGTR2, AGXT, AHI1, ALDH1A2, ALDH1A3, ALX1, ANKRD1, ANKRD6, APAF1, AR, AREG, ARHGAP12, ARHGAP24, ARTN, BAK1, BBS4, BBS5, BMP10, BMP4, BMP7, BMPR1A, BTBD7, BTRC, CA2, CALB1, CASP8, CASR, CASZ1, CAV3, CCDC39, CCDC40, CCDC66, CCM2L, CD44, CECR2, CELSR1, CEP290, CLIC4, CNGA3, COBL, COL11A1, COL3A1, COL4A1, COQ7, CRB2, CTHRC1, CTSH, CXCL12, CYR61, DCHS1, DLEC1, DLG1, DLL1, DLL4, DNAAF1, DSP, DVL1, EDN1, EGF, EGFR, EGLN1, ENG, EOMES, EPHA2, EPHA4, ESR1, ETV4, EXOC4, EYA1, EZR, FAT3, FGF10, FGF2, FGF3, FGF7, FGF8, FGFR2, FGFR3, FLRT3, FOLR1, FOXF1, FOXF2, FOXL1, FOXN1, FOXN4, FOXQ1, FREM2, FRZB, FZD1, FZD5, FZD7, FZD9, GATA3, GATA4, GCM1, GCNT1, GDF2, GDF7, GDNF, GJA1, GNA13, GNAT2, GPC6, GREM1, GRHL2, GRHL3, GRSF1, GZF1, HBEGF, HESX1, HEY1, HGF, HHEX, HHIP, HMGA2, HNF1A, HNF1B, HOXA11, HOXA13, HOXA5, HOXB7, HOXD11, IFT57, IGF1, IHH, IKZF1, IL6, INHBA, IRX2, IRX5, ISL1, ITGA8, ITGB1, ITGB4, JAG1, JAG2, KDR, KIF20B, KLF4, KRAS, LAMA1, LCP1, LEF1, LGR4, LHX1, LHX2, LIN7C, LLGL2, MAPRE2, MATN1, MBD4, MDM2, MEGF11, MET, MKKS, MKS1, MPP5, MSN, MST1, MSX2, MTHFD1, MTHFD1L, MYBPC3, MYC, MYF5, MYF6, MYL2, MYL3, MYLK, MYLK2, NDRG4, NF2, NKX3-1, NOG, NPHP3, NPNT, NR3C1, NR4A3, NTN1, NTN4, OVOL2, OXSR1, PAX2, PAX3, PCDH8, PDCD10, PDE6C, PDX1, PGF, PGR, PITX2, PKP2, PLXNB2, PODXL, POU4F1, PRKACB, PRKX, PROM1, PROX1, PTF1A, PTHLH, PTK7, PTN, PTPRM, PVRL3, PXN, RAB10, RAB23, RALA, RBM15, RBP4, RDH10, RET, RHOA, RIPK4, RLTPR, RNF207, RNMT, ROBO1, ROR1, ROR2, RORA, RORB, RP1, RPE65, RPGR, RPGRIP1L, RREB1, RS1, RSPO2, RSPO3, RUNX1, RXRA, S1PR1, SALL1, SALL4, SCNN1B, SDC4, SEC24B, SEMA3A, SEMA3C, SEMA3E, SERPINB5, SFRP1, SFRP2, SHH, SHOX2, SHROOM3, SIX4, SLC6A4, SMAD3, SMO, SNAI2, SOSTDC1, SOX10, SOX11, SOX2, SPI1, SPINT1, SPRY2, ST14, STC1, STIL, STK3, STOX1, SULF1, T, TACSTD2, TAL1, TBX1, TBX2, TBX20, TBX3, TBX4, TBX5, TCF21, TFAP2A, TFAP2B, TFAP2C, TGFB2, TGFBR2, TGFBR3, TGIF1, TGM3, TMEM100, TMEM79, TMTC3, TNNC1, TNNI1, TNNT2, TOPORS, TP63, TRIM71, TSPAN12, TTN, TULP3, TWSG1, TXNRD1, VANGL2, VCL, VEGFC, VSX1, VSX2, WLS, WNT10A, WNT11, WNT16, WNT2, WNT5A, WNT6, WNT7A, WNT7B, WNT9B, WT1, XIRP2, YAP1, ZIC3]"
GO:0072358,0,System development,cardiovascular system development,0.010668683,NA,NA,NA,NA,7.54E-12,46,NA,NA,NA,NA,469,[None],NA,NA,NA,NA,"[Group19, Group8]",TRUE,NA,NA,NA,NA,TRUE,"[ADAM19, ADGRA2, AGGF1, ALPK3, B4GALT1, CCBE1, COL14A1, COL4A2, DSP, EPHB3, FGF10, FN1, GNAQ, MEF2C, MYH11, MYH7, MYH9, MYO1E, NCOR2, NIPBL, NOTCH1, NR2F1, NRG1, PCSK5, PKD1, PKP2, PLXND1, PTCH1, PTPN14, RIC8A, RPGRIP1L, SAV1, SCUBE1, SHB, SLC26A1, SMARCA2, SOX6, STAB1, SYK, TEK, THBS1, THBS2, THBS4, TNNC1, TSC2, XDH]",NA,NA,NA,NA,"[AAMP, ACACB, ACAN, ACKR3, ACTC1, ACTN2, ACVR1, ACVR2B, ADAM8, ADAMTS1, ADAP2, ADRA1A, ADRA1B, ADRA1D, AGT, AGTR2, AGXT, AHI1, AHR, AIMP1, ALDH1A2, ALPK3, AMOT, ANGPT1, ANGPT2, ANGPT4, ANGPTL3, ANKRD1, ANP32B, ANXA2, APOB, APOLD1, AQP1, ARHGAP22, ARHGAP24, ARMC4, ASB4, ATG5, BAK1, BBS4, BBS5, BCOR, BMP10, BMP4, BMP7, BMPR1A, BTG1, C1D, C1GALT1, C3AR1, C5, C6, CALCA, CALCRL, CASP3, CASP7, CASP8, CAV1, CAV3, CBY1, CC2D2A, CCDC39, CCDC40, CCL5, CCM2L, CDH5, CDK1, CDKL1, CDX2, CDX4, CEL, CEP290, CHRNA7, CIB1, CLDN5, CLIC4, CLN5, CNRIP1, COL11A1, COL14A1, COL18A1, COL1A2, COL3A1, COL4A1, COL4A2, COL4A3, COL8A1, COL8A2, COX17, CRB2, CRKL, CSPG4, CTDP1, CTGF, CTH, CTSH, CX3CR1, CXADR, CXCL12, CXCL13, CXCL8, CYP1B1, CYR61, CYSLTR2, DAW1, DCHS1, DCN, DDAH1, DHCR7, DHRS3, DLEC1, DLL1, DLL4, DNAAF1, DNAH5, DNAI1, DSG2, DSP, DUSP6, DVL1, E2F7, EDN1, EGF, EGLN1, EGR1, ELK3, EMCN, EMP2, ENG, ENPEP, ENPP2, EOMES, EPGN, EPHA1, EPHA2, EPHB1, EPHB3, EREG, ERG, ESM1, ETS1, EYA1, F3, FAP, FBN1, FBXW8, FGF10, FGF16, FGF19, FGF2, FGF20, FGF3, FGF6, FGF8, FGF9, FGFR2, FGFRL1, FHL2, FIGF, FLRT3, FLT4, FLVCR1, FN1, FOLR1, FOXF1, FOXL1, FOXM1, FOXN1, FOXN4, FOXO1, FREM2, FZD1, FZD4, FZD5, GAA, GALNT11, GATA2, GATA3, GATA4, GATA5, GATA6, GDF2, GDNF, GJA1, GNA11, GNA13, GNPDA1, GPLD1, GREM1, GRHL2, HAS2, HEY1, HGF, HHEX, HMGB1, HMOX1, HOXA13, HOXA3, HOXA5, HOXA7, HOXB3, HPGD, HRG, HSPB1, HSPB11, HTR2B, HYAL1, IFT57, IGF1, IHH, IL17F, IL18, IL1B, IL6, IMMP2L, INVS, IRG1, ISL1, ITGA4, ITGB1, ITGB2, ITGB8, JAG1, JMJD6, JPH2, KCNJ8, KCNQ1, KDR, KIF7, KLF4, KLKB1, KRIT1, LAMA1, LECT1, LEF1, LEMD2, LEMD3, LLGL2, LOX, LRRC10, LTBP1, MAP2K2, MAP3K3, MAPK11, MB, MBD3, MBD4, MCAM, MDM2, MEOX2, MET, MKKS, MMP13, MMP2, MMP23A, MMRN2, MRE11A, MSX2, MTDH, MTHFD1, MYBPC3, MYL2, MYL3, MYLK, MYLK2, MYOCD, NCL, NDNF, NDP, NDRG4, NDUFS6, NEBL, NEDD4, NEXN, NIPBL, NKX3-1, NOG, NOV, NOX1, NOX4, NPHP3, NPPA, NPY1R, NPY5R, NR2E1, NR2F2, NRXN3, NXN, OLFM1, OTULIN, OVOL2, OXSR1, OXTR, PAX3, PAX6, PAXIP1, PDCD10, PDCL3, PDE3B, PDGFB, PDGFD, PDGFRA, PDLIM5, PDZD2, PECAM1, PGF, PI16, PIK3CB, PIK3CG, PITX2, PKNOX1, PKP2, PLAU, PLCD1, PLN, POFUT1, POGLUT1, POPDC2, POU4F1, POU5F1, PPARA, PPARG, PPP1R16B, PPP3CB, PRCP, PRDM1, PRKD1, PRKDC, PRKX, PROK2, PROX1, PROX2, PRRX2, PSKH1, PTGER4, PTGS2, PTK7, PTN, PTPRB, PTPRJ, PTPRM, RAMP2, RAP1A, RBM15, RBM20, RBP4, RGCC, RHOA, RHOJ, RIC8A, RNF207, RNH1, RNMT, ROBO1, ROBO4, ROCK1, RORA, RPGRIP1L, RSPO3, RTN4, RUNX1, RXRA, S1PR1, SALL1, SALL4, SCG2, SCN5A, SEC24B, SEMA3C, SEMA3E, SENP2, SERPINB7, SERPINF1, SERPINF2, SFRP1, SFRP2, SGCB, SGCD, SGCG, SGCZ, SGPL1, SH3PXD2B, SHH, SHOX2, SIK1, SLC26A1, SMAD3, SMAD6, SMARCD3, SMO, SMYD1, SMYD2, SNAI2, SOX11, SPAM1, SPI1, SPINK5, SPINT1, STAB2, STIL, STK3, SULF1, SYK, SYNJ2BP, T, TAL1, TBC1D32, TBX1, TBX2, TBX20, TBX3, TBX4, TBX5, TCF21, TCF7L2, TDGF1, TFAP2B, TGFB2, TGFBI, TGFBR1, TGFBR2, TGFBR3, TH, THBS1, THBS2, TIE1, TMED2, TMEM100, TMEM204, TMEM65, TMEM67, TMPRSS6, TNFAIP2, TNFAIP3, TNNC1, TNNI1, TNNT2, TP73, TSPAN12, TTN, UNC5B, UTS2, VANGL2, VASH1, VASH2, VAV2, VAV3, VCAM1, VEGFC, WARS, WARS2, WDPCP, WNT11, WNT16, WNT2, WNT5A, WNT7A, WNT7B, WNT8A, WT1, WWTR1, XBP1, XDH, XIRP1, XIRP2, YAP1, ZBTB14, ZFP36L1, ZIC3]"
GO:0007399,1,Brain development,nervous system development,5.41E-05,NA,NA,NA,NA,NA,97,NA,NA,NA,NA,NA,[Group1],NA,NA,NA,NA,NA,FALSE,NA,NA,NA,NA,NA,"[ACAN, ADGRA2, ADGRV1, AK8, ANOS1, ARHGEF28, ARSB, BOC, CACNA1I, CEP120, CEP290, CHD5, CHRD, CHRDL1, CIT, CLSTN3, CLTA, CNTNAP1, COL4A2, COL5A2, COL6A2, COL6A3, CTNND1, DMD, DSCAML1, EGFR, EPHB3, FGF10, FKTN, FN1, GAK, GBA2, GNAQ, GPC1, GRIN3A, GSN, HEXB, HOOK3, ITGA1, ITGA2, KIF27, LAMA2, LHX9, MACF1, MAN2A1, MAP1B, MCF2, MEF2C, MICALL1, MPDZ, MYH11, MYH9, MYO7A, NCOR2, NDUFS4, NEFM, NFIB, NIPBL, NOTCH1, NR2F1, NREP, NRG1, OPHN1, PCNT, PKD1, PLXNA4, PLXND1, PRDM6, PTCH1, RAD1, RGMB, RPGRIP1L, SATB2, SEPP1, SH2D3C, SHC3, SHROOM3, SLIT3, SMARCA2, SMN1, SOX6, SPEF2, STAT3, SZT2, TCF7, TENM1, THBS2, TLN1, TNC, TNNC1, TSC2, TTC3, UNC13B, UNC5C, VLDLR, VPS13A, WDR36]",NA,NA,NA,NA,NA
GO:0030900,1,Brain development,forebrain development,NA,NA,1.07E-05,NA,NA,NA,NA,NA,39,NA,NA,NA,NA,NA,[Group4],NA,NA,NA,NA,NA,TRUE,NA,NA,NA,NA,NA,"[BCL11B, BTBD3, BUD31, CDH2, CHD5, CHRNB2, CNP, CREB1, DOCK7, DRD2, ERBB4, FEZF2, FRS2, HIF1A, HPRT1, ID2, IFT88, KALRN, KCNC1, NCOR2, NDST1, NEFH, NEFL, NF1, NFIB, NRG1, OGT, PCDH9, RARB, ROBO2, SLC8A1, SLITRK5, SRD5A2, SRF, SZT2, TACC2, TBR1, TSC1, USP9X]",NA,NA,NA
GO:0007409,2,Neuron development,axonogenesis,NA,NA,NA,NA,1.75E-07,NA,NA,NA,NA,NA,111,NA,NA,NA,NA,NA,[Group9],NA,NA,NA,NA,NA,FALSE,NA,NA,NA,NA,NA,"[ADAM10, ADCY1, ADGRB1, AFG3L2, ALCAM, ANAPC2, ANK2, ARHGAP39, ARHGEF7, BAIAP2, BMP7, BRSK2, CACNA1C, CACNA1D, CACNA1G, CACNA1H, CACNA1I, CHL1, CLASP2, CNTN4, COBL, COL4A1, COL6A2, COL9A1, DAB1, DDX11, DOCK1, DOCK7, DRAXIN, DSCAML1, EFNA2, EGFR, EPHA3, EPHA4, EPHB1, EPHB3, EPHB6, EXT1, EZR, FARP2, FES, FGFR1, FGFR2, FYCO1, GFRA3, GLI2, GLI3, IGF1R, ITGA9, ITGAV, ITGB1, ITGB3, ITSN1, KIF13B, KLF7, LAMA2, LAMC1, LMNB2, LRP4, LYN, MPP3, MYCBP2, MYH9, NCAM1, NELL1, NOTCH1, NR2E1, NRP1, NTN4, NTRK3, OPHN1, PAX6, PLCG1, PLXNA4, PLXNB2, PLXNC1, PLXND1, PRKCQ, PSEN1, PTPRC, PTPRM, RAC2, RELN, RET, RNMT, ROCK2, RPS6KA5, RUFY3, RYK, SEMA3C, SEMA6D, SLIT1, SLIT3, SOS1, SPAST, SRGAP1, SRGAP2, TBCE, TCTN1, TIAM1, TOP2B, TRAF3, TRIO, TRPC4, TRPC7, TRPV2, TTC8, UNC5C, USP33, USP9X, WNT5A]",NA
GO:0048667,2,Neuron development,cell morphogenesis involved in neuron differentiation,0.005851403,NA,NA,NA,3.53E-07,NA,38,NA,NA,NA,121,NA,[Group1],NA,NA,NA,[Group9],NA,FALSE,NA,NA,NA,FALSE,NA,"[ANOS1, ARHGEF28, BOC, CACNA1I, CIT, CLTA, CNTNAP1, COL4A2, COL5A2, COL6A2, COL6A3, DSCAML1, EGFR, EPHB3, FN1, GPC1, ITGA1, ITGA2, LAMA2, LHX9, MACF1, MAP1B, MEF2C, MYH11, MYH9, MYO7A, NEFM, NFIB, NOTCH1, OPHN1, PLXNA4, PLXND1, RGMB, SLIT3, SZT2, TLN1, UNC5C, WDR36]",NA,NA,NA,"[ADAM10, ADCY1, ADGRB1, AFG3L2, ALCAM, ANAPC2, ANK2, ARHGAP39, ARHGEF7, ATP7A, BAIAP2, BMP7, BRSK2, CACNA1C, CACNA1D, CACNA1G, CACNA1H, CACNA1I, CAPRIN2, CHL1, CLASP2, CNTN4, COBL, COL4A1, COL6A2, COL9A1, CUX1, DAB1, DDX11, DOCK1, DOCK7, DRAXIN, DSCAML1, EFNA2, EGFR, EPHA3, EPHA4, EPHB1, EPHB3, EPHB6, EXT1, EZR, FARP2, FES, FGFR1, FGFR2, FYCO1, GFRA3, GLI2, GLI3, IGF1R, ITGA9, ITGAV, ITGB1, ITGB3, ITSN1, KIDINS220, KIF13B, KLF7, LAMA2, LAMC1, LMNB2, LRP4, LRRK2, LYN, MPP3, MYCBP2, MYH9, NCAM1, NELL1, NOTCH1, NR2E1, NRP1, NTN4, NTRK3, OBSL1, OPHN1, PAX6, PLCG1, PLXNA4, PLXNB2, PLXNC1, PLXND1, PREX2, PRKCQ, PSEN1, PTPRC, PTPRM, PTPRR, RAC2, RB1, RELN, RET, RNMT, ROCK2, RPS6KA5, RUFY3, RYK, SEMA3C, SEMA6D, SLIT1, SLIT3, SOS1, SPAST, SRGAP1, SRGAP2, TBCE, TCTN1, TIAM1, TOP2B, TRAF3, TRIO, TRPC4, TRPC7, TRPV2, TTC8, UNC5C, USP33, USP9X, WDPCP, WNT5A]",NA
GO:0048812,2,Neuron development,neuron projection morphogenesis,NA,NA,NA,NA,2.17E-08,NA,NA,NA,NA,NA,129,NA,NA,NA,NA,NA,[Group9],NA,NA,NA,NA,NA,FALSE,NA,NA,NA,NA,NA,"[ADAM10, ADCY1, ADGRB1, AFG3L2, ALCAM, ALS2, ANAPC2, ANK2, ARHGAP39, ARHGEF7, ATP7A, ATXN2, BAIAP2, BMP7, BRSK2, CACNA1C, CACNA1D, CACNA1G, CACNA1H, CACNA1I, CAPRIN2, CHL1, CLASP2, CNTN4, COBL, COL4A1, COL6A2, COL9A1, CUX1, DAB1, DDX11, DICER1, DOCK1, DOCK7, DRAXIN, DSCAML1, EFNA2, EGFR, EPHA3, EPHA4, EPHB1, EPHB3, EPHB6, EXT1, EZR, FARP2, FES, FGFR1, FGFR2, FYCO1, GAS7, GFRA3, GLI2, GLI3, IGF1R, IQGAP1, ITGA9, ITGAV, ITGB1, ITGB3, ITSN1, ITSN2, KIDINS220, KIF13B, KLF7, LAMA2, LAMC1, LMNB2, LRP4, LRRK2, LYN, MPP3, MYCBP2, MYH9, MYO16, NCAM1, NELL1, NOTCH1, NR2E1, NRP1, NTN4, NTRK3, OBSL1, OPHN1, PAX6, PLCG1, PLXNA4, PLXNB2, PLXNC1, PLXND1, PREX2, PRKCQ, PRKCZ, PSEN1, PTPRC, PTPRM, RAC2, RELN, RET, RNMT, ROCK2, RPS6KA5, RUFY3, RYK, SEMA3C, SEMA6D, SLIT1, SLIT3, SOS1, SPAST, SRGAP1, SRGAP2, TBCE, TCTN1, TIAM1, TOP2B, TRAF3, TRIO, TRPC4, TRPC7, TRPV2, TTC8, UNC5C, USP33, USP9X, UTRN, WEE1, WNT5A, ZNF335]",NA
GO:0061564,2,Neuron development,axon development,0.001037053,NA,NA,NA,1.85E-07,NA,38,NA,NA,NA,115,NA,[Group1],NA,NA,NA,[Group9],NA,FALSE,NA,NA,NA,FALSE,NA,"[ANOS1, ARHGEF28, BOC, CACNA1I, CLTA, CNTNAP1, COL4A2, COL5A2, COL6A2, COL6A3, DSCAML1, EGFR, EPHB3, FN1, GPC1, ITGA1, ITGA2, LAMA2, LHX9, MACF1, MAP1B, MYH11, MYH9, NEFM, NFIB, NOTCH1, NREP, OPHN1, PLXNA4, PLXND1, RGMB, SLIT3, SZT2, TLN1, TNC, TNNC1, UNC5C, WDR36]",NA,NA,NA,"[ADAM10, ADCY1, ADGRB1, AFG3L2, ALCAM, ANAPC2, ANK2, APOD, ARHGAP39, ARHGEF7, BAIAP2, BMP7, BRSK2, CACNA1C, CACNA1D, CACNA1G, CACNA1H, CACNA1I, CELSR3, CHL1, CLASP2, CNTN4, COBL, COL4A1, COL6A2, COL9A1, DAB1, DDX11, DOCK1, DOCK7, DRAXIN, DSCAML1, EFNA2, EGFR, EPHA3, EPHA4, EPHB1, EPHB3, EPHB6, EXT1, EZR, FARP2, FES, FGFR1, FGFR2, FYCO1, GFRA3, GLI2, GLI3, IGF1R, ITGA9, ITGAV, ITGB1, ITGB3, ITSN1, KIF13B, KLF7, LAMA2, LAMC1, LMNB2, LRP4, LYN, MPP3, MYCBP2, MYH9, NCAM1, NCAM2, NELL1, NOTCH1, NR2E1, NRP1, NTN4, NTRK3, OPHN1, PAX6, PLCG1, PLXNA4, PLXNB2, PLXNC1, PLXND1, PRKCQ, PSEN1, PTPRC, PTPRM, RAC2, RELN, RET, RNMT, ROCK2, RPS6KA5, RUFY3, RYK, SEMA3C, SEMA6D, SLIT1, SLIT3, SOS1, SPAST, SRGAP1, SRGAP2, TBCE, TCTN1, TIAM1, TNC, TOP2B, TRAF3, TRIO, TRPC4, TRPC7, TRPV2, TTC8, UNC5C, USP33, USP9X, WNT5A]",NA
GO:0000902,3,Cell morphogenesis,cell morphogenesis,3.88E-05,NA,NA,NA,NA,NA,69,NA,NA,NA,NA,NA,[Group1],NA,NA,NA,NA,NA,TRUE,NA,NA,NA,NA,NA,"[ANOS1, ARHGEF18, ARHGEF28, BOC, CACNA1I, CCDC13, CEP290, CFAP46, CIT, CLTA, CNTNAP1, COL4A2, COL5A2, COL6A2, COL6A3, CSNK1G3, DAB2, DMD, DNAH1, DNAI1, DSCAML1, EGFR, EPHB3, FER, FN1, GPC1, GSN, HEXB, IDUA, IFT74, ITGA1, ITGA2, KIF27, LAMA2, LHX9, MACF1, MAP1B, MAP3K1, MEF2C, MYH11, MYH9, MYO7A, NEFM, NFIB, NOTCH1, NRG1, OPHN1, PALM2, PARVB, PCNT, PLXNA4, PLXND1, RGMB, RPGRIP1L, SHROOM3, SLIT3, SNX2, SOX6, SPEF2, SRFBP1, SZT2, TBC1D2, TEK, THOC5, TLN1, TTC3, UNC5C, WASF1, WDR36]",NA,NA,NA,NA,NA
GO:0030574,3,Cell morphogenesis,collagen catabolic process,NA,0.002249952,NA,NA,NA,NA,NA,13,NA,NA,NA,NA,NA,[Group0],NA,NA,NA,NA,NA,TRUE,NA,NA,NA,NA,NA,"[CEL, COL12A1, COL17A1, COL25A1, COL3A1, COL4A2, COL4A3, COL6A3, CTSL, FAP, MMP1, MMP13, MMP27]",NA,NA,NA,NA
GO:0032989,3,Cell morphogenesis,cellular component morphogenesis,8.35E-05,NA,NA,NA,NA,NA,71,NA,NA,NA,NA,NA,[Group1],NA,NA,NA,NA,NA,FALSE,NA,NA,NA,NA,NA,"[ANOS1, ARHGEF18, ARHGEF28, BOC, CACNA1I, CCDC13, CEP290, CFAP46, CIT, CLTA, CNTNAP1, COL4A2, COL5A2, COL6A2, COL6A3, CSNK1G3, DAB2, DMD, DNAH1, DNAI1, DSCAML1, EGFR, EPHB3, FER, FN1, GPC1, GSN, HEXB, IDUA, IFT74, ITGA1, ITGA2, KIF27, LAMA2, LHX9, MACF1, MAP1B, MAP3K1, MEF2C, MYH11, MYH9, MYO7A, NEFM, NFIB, NOTCH1, NRG1, OBSCN, OPHN1, PALM2, PARVB, PCNT, PLXNA4, PLXND1, RGMB, RPGRIP1L, SHROOM3, SLIT3, SNX2, SOX6, SPEF2, SRFBP1, SZT2, TBC1D2, TEK, THOC5, TLN1, TMOD1, TTC3, UNC5C, WASF1, WDR36]",NA,NA,NA,NA,NA
GO:0048646,3,Cell morphogenesis,anatomical structure formation involved in morphogenesis,0.025631278,NA,NA,NA,NA,1.94E-09,54,NA,NA,NA,NA,547,[None],NA,NA,NA,NA,"[Group5, Group8]",TRUE,NA,NA,NA,NA,FALSE,"[ADAM12, ADGRA2, AGGF1, B4GALT1, CAPN2, CCBE1, CCDC13, CEP290, CFAP46, CHRD, CNTNAP1, COL4A2, COL5A2, COL7A1, DMD, DNAH1, DNAI1, EPHB3, FBN2, FGF10, FN1, GPC1, IFT74, ITGA2, ITGB4, KIF27, MACF1, MEF2C, MYH11, MYH9, MYOF, NOS1, NOTCH1, NRG1, OBSCN, PCNT, PLXND1, PTCH1, PTPN14, ROR2, RPGRIP1L, SHB, SHROOM3, SLC26A1, SPEF2, STAB1, SYK, TBC1D2, TEK, THBS1, THBS2, THBS4, TMOD1, TSC2]",NA,NA,NA,NA,"[AAMP, ACKR3, ACTA1, ACTC1, ACTN2, ACVR1, ACVR2B, ADA, ADAM12, ADAM8, ADAM9, ADAMTS1, AGT, AGXT, AHI1, AIMP1, AK7, ALDH1A3, ALX1, AMOT, ANGPT1, ANGPT2, ANGPT4, ANGPTL3, ANKRD1, ANXA2, APAF1, APOLD1, AQP1, AR, AREG, ARHGAP22, ARHGAP24, ARMC4, ATG5, ATXN10, BAK1, BBIP1, BBS10, BBS4, BBS5, BBS9, BMP10, BMP4, BMP7, BMPR1A, BTG1, C1GALT1, C3AR1, C5, C6, CALB1, CALCRL, CAPN3, CASP3, CASP8, CASQ2, CAV1, CAV3, CBY1, CC2D2A, CCDC13, CCDC28B, CCDC39, CCDC40, CCL5, CD36, CD9, CDC14A, CDX1, CDX2, CECR2, CEL, CELSR1, CEP126, CEP162, CEP164, CEP290, CEP41, CEP83, CEP89, CFAP46, CFAP54, CFAP74, CFLAR, CHAD, CHRNA7, CIB1, CLIC4, CLN5, COBL, COL11A1, COL12A1, COL18A1, COL4A1, COL4A2, COL4A3, COL5A2, COL6A1, COL8A1, COL8A2, COQ7, CRB2, CSPG4, CTGF, CTHRC1, CTSH, CUL3, CX3CR1, CXCL12, CXCL13, CXCL8, CYP1B1, CYR61, CYSLTR2, DCDC2, DCHS1, DCN, DCSTAMP, DDAH1, DISC1, DLEC1, DLL1, DLL4, DLX5, DNAAF1, DNAAF2, DNAAF5, DNAH1, DNAH5, DNAI1, DNAI2, DUSP4, DUSP5, DUSP6, DVL1, DYX1C1, E2F7, EDA, EDAR, EDN1, EGF, EGLN1, ELK3, EMCN, EMP2, ENG, ENPEP, ENPP2, EOMES, EPGN, EPHA1, EPHA2, EPHB1, EPHB3, EREG, ERG, ESM1, ESRRB, ETS1, ETS2, EXOC4, EYA1, F3, FAM161A, FAM20A, FAM20C, FAP, FAT3, FBN2, FGF10, FGF16, FGF2, FGF3, FGF6, FGF8, FGF9, FGFR2, FHL2, FIGF, FLT4, FN1, FOLR1, FOPNL, FOXN4, FOXO1, FZD1, FZD5, FZD7, FZD9, GATA2, GATA3, GATA4, GATA5, GATA6, GCM1, GDF2, GDF7, GDNF, GNA13, GNPDA1, GPC1, GPLD1, GREM1, GRHL2, GRHL3, GSC, HDAC2, HESX1, HEY1, HGF, HHEX, HMGA2, HMGB1, HMOX1, HNF1A, HNF1B, HOXA11, HOXA3, HOXA5, HOXA7, HOXB3, HOXD11, HRG, HSPB1, HSPB11, HTRA1, HYAL1, ICK, IFT57, IFT81, IHH, IL17F, IL18, IL1B, IL4, IL4R, IL6, INHBA, IQCB1, IRX2, ISL1, ITGA4, ITGA6, ITGA8, ITGB1, ITGB2, ITGB4, ITGB5, JAG1, JMJD6, KDR, KIAA0586, KIF20B, KIF24, KIF27, KLF4, KLHL41, KLHL6, KLKB1, KRIT1, LAMA3, LAMB1, LATS2, LECT1, LEF1, LEMD2, LEMD3, LFNG, LHX1, LHX2, LHX5, LMOD1, LMOD2, LMOD3, LRGUK, LRP8, LRRC6, MAP2K2, MAPRE2, MBD4, MCAM, MCIDAS, MEGF11, MEOX1, MEOX2, MKKS, MKS1, MKX, MMP15, MMP2, MMP9, MMRN2, MNS1, MPL, MPP5, MSX2, MTDH, MTHFD1, MTHFD1L, MTPN, MYBPC3, MYF5, MYF6, MYH3, MYL2, MYOD1, MYOZ1, MYPN, NANOG, NCL, NCMAP, NDNF, NEBL, NEURL1, NEURL2, NF2, NFATC2, NKX3-1, NLE1, NME8, NOG, NOV, NOX1, NPHP3, NR2E1, NR4A3, NRXN3, OBSCN, OCSTAMP, OLFM1, OTULIN, OTX2, OVOL2, OXSR1, PALB2, PAX2, PAX3, PAX6, PCDH8, PCNT, PDCD10, PDCL3, PDE3B, PDGFRA, PERP, PEX2, PGF, PHLDB1, PHOX2A, PIBF1, PIH1D3, PIK3CB, PIK3CG, PITX2, PKHD1, PKNOX1, PLA2G3, PLAU, PLCD1, PLXNB2, POC1B, PODXL, POFUT1, POU5F1, PPARA, PPP1R16B, PPP3CB, PRCP, PRDM14, PRKACB, PRKD1, PRKDC, PRKX, PROK2, PROM1, PROX1, PTF1A, PTGS2, PTHLH, PTK7, PTN, PTPRB, PTPRM, RAB17, RAB23, RALA, RAMP2, RBM15, RBP4, RDH10, RELN, RET, RFX4, RGCC, RGS20, RHOA, RIPPLY2, RNH1, ROBO1, ROBO4, ROCK1, ROR2, RORA, RP1, RP1L1, RPGR, RPGRIP1L, RPL7L1, RRP7A, RS1, RSPH1, RSPH4A, RSPH9, RSPO3, RUNX1, S1PR1, SALL1, SALL4, SCG2, SCLT1, SDC4, SDCCAG8, SEC23IP, SEC24B, SEMA3C, SEMA3E, SEPT2, SERPINF1, SF3B6, SFRP1, SFRP2, SHH, SHROOM3, SIX4, SKIL, SLC24A4, SLC26A1, SLC34A1, SLC6A4, SMAD3, SMARCD3, SMO, SNAI2, SNAP29, SNX10, SOCS4, SOX11, SOX2, SPAG1, SPAG16, SPAG17, SPAM1, SPATA6, SPI1, SPINK5, SPINT1, SSX2IP, ST14, STAB2, STIL, STK3, SULF1, SYK, SYNJ2BP, T, TAL1, TBC1D15, TBC1D16, TBC1D24, TBC1D7, TBPL1, TBX1, TBX2, TBX20, TBX3, TBX4, TBX5, TCF21, TDGF1, TEKT2, TFAP2A, TFAP2B, TFAP2C, TGFB2, TGFBI, TGFBR1, TGFBR2, TGFBR3, TGIF1, THBS1, THBS2, TIE1, TLX1, TMEM100, TMEM237, TMEM67, TMEM8C, TMOD3, TMPRSS6, TNFAIP2, TNFAIP3, TNFRSF13C, TNFSF13B, TNNT2, TOPORS, TP63, TRIM59, TRIM71, TSPAN12, TTC30A, TTC30B, TTLL1, TTLL3, TTLL5, TTN, TULP3, TWSG1, TXNRD1, UBE2B, UNC5B, USP6NL, UTS2, VANGL2, VASH1, VASH2, VAV2, VAV3, VEGFC, VTN, WARS, WDPCP, WDR72, WLS, WNT11, WNT16, WNT2, WNT5A, WNT6, WNT7A, WNT7B, WNT8A, WNT9B, WT1, XBP1, ZP3, ZPBP2]"
GO:0048858,3,Cell morphogenesis,cell projection morphogenesis,0.000736387,NA,NA,NA,9.32E-16,NA,51,NA,NA,NA,187,NA,[Group1],NA,NA,NA,[Group9],NA,FALSE,NA,NA,NA,TRUE,NA,"[ANOS1, ARHGEF28, BOC, CACNA1I, CCDC13, CEP290, CFAP46, CIT, CLTA, CNTNAP1, COL4A2, COL5A2, COL6A2, COL6A3, DMD, DNAH1, DNAI1, DSCAML1, EGFR, EPHB3, FN1, GPC1, GSN, IFT74, ITGA1, ITGA2, KIF27, LAMA2, LHX9, MACF1, MAP1B, MYH11, MYH9, NEFM, NFIB, NOTCH1, OPHN1, PCNT, PLXNA4, PLXND1, RGMB, RPGRIP1L, SLIT3, SNX2, SPEF2, SZT2, TBC1D2, TLN1, UNC5C, WASF1, WDR36]",NA,NA,NA,"[ADAM10, ADCY1, ADGRB1, AFG3L2, AHI1, AK7, ALCAM, ALS2, ANAPC2, ANK2, ARHGAP39, ARHGEF7, ATP7A, ATXN2, BAIAP2, BBS4, BBS7, BMP7, BRSK2, CACNA1C, CACNA1D, CACNA1G, CACNA1H, CACNA1I, CAPRIN2, CC2D2A, CCDC40, CELSR3, CEP126, CEP162, CEP250, CEP89, CFAP221, CHL1, CLASP2, CNTN4, COBL, COL4A1, COL6A2, COL9A1, CUX1, DAB1, DDX11, DICER1, DNAAF1, DNAAF5, DOCK1, DOCK7, DRAXIN, DSCAML1, DYX1C1, DZIP1, E2F4, EFNA2, EGFR, ENPP2, EPHA3, EPHA4, EPHB1, EPHB3, EPHB6, EXT1, EZR, FARP2, FES, FGFR1, FGFR2, FYCO1, GAS7, GFRA3, GLI2, GLI3, GSN, HTT, ICK, IFT122, IFT80, IGF1R, INTU, IQGAP1, ITGA9, ITGAV, ITGB1, ITGB3, ITSN1, ITSN2, KIDINS220, KIF13B, KLF7, LAMA2, LAMC1, LMNB2, LRP4, LRRC6, LRRK2, LYN, MPP3, MYCBP2, MYH9, MYO16, MYO9B, NCAM1, NEK1, NELL1, NOTCH1, NR2E1, NRP1, NTN4, NTRK3, OBSL1, ODF2, OFD1, OPHN1, PAX6, PCM1, PCNT, PLCG1, PLXNA4, PLXNB2, PLXNC1, PLXND1, PREX2, PRKCQ, PRKCZ, PSEN1, PTPRC, PTPRM, RAB23, RAB8B, RAC2, RELN, RET, RFX4, RNMT, ROCK2, RPS6KA5, RREB1, RUFY3, RYK, SEMA3C, SEMA6D, SEPT6, SLIT1, SLIT3, SOS1, SPAG16, SPAST, SPATA6, SRGAP1, SRGAP2, SSX2IP, STIL, TBC1D1, TBC1D15, TBC1D2B, TBC1D32, TBC1D3F, TBC1D8, TBCE, TCTN1, TCTN2, TCTN3, TIAM1, TMEM237, TMEM67, TOP2B, TRAF3, TRIO, TROVE2, TRPC4, TRPC7, TRPV2, TTC21B, TTC26, TTC8, TTLL5, UNC5C, USP33, USP6NL, USP9X, UTRN, WASF2, WDPCP, WDR35, WEE1, WNT5A, ZNF335]",NA
GO:0060271,3,Cell morphogenesis,cilium morphogenesis,NA,NA,NA,NA,2.16E-07,NA,NA,NA,NA,NA,57,NA,NA,NA,NA,NA,[Group8],NA,NA,NA,NA,NA,TRUE,NA,NA,NA,NA,NA,"[AHI1, AK7, BBS4, BBS7, CC2D2A, CCDC40, CELSR3, CEP126, CEP162, CEP250, CEP89, CFAP221, DNAAF1, DNAAF5, DYX1C1, DZIP1, E2F4, GSN, HTT, ICK, IFT122, IFT80, INTU, LRRC6, NEK1, NOTCH1, ODF2, OFD1, PCM1, PCNT, RAB23, RAB8B, RFX4, SEPT6, SPAG16, SPATA6, SSX2IP, STIL, TBC1D1, TBC1D15, TBC1D2B, TBC1D32, TBC1D3F, TBC1D8, TCTN1, TCTN2, TCTN3, TMEM237, TMEM67, TROVE2, TTC21B, TTC26, TTC8, TTLL5, USP6NL, WDPCP, WDR35]",NA
GO:0000280,4,Cell cycle,nuclear division,NA,NA,NA,NA,NA,2.65E-09,NA,NA,NA,NA,NA,277,NA,NA,NA,NA,NA,[Group14],NA,NA,NA,NA,NA,TRUE,NA,NA,NA,NA,NA,"[ACTR3, ADCY8, ANAPC15, ANAPC16, ANAPC2, ANAPC4, ANKLE2, ANLN, APITD1, ARL8A, ARPP19, ASPM, ASZ1, ATRX, AURKA, AURKAIP1, BIRC2, BIRC5, BIRC7, BMP4, BMP7, BOD1, BOLL, BORA, BRCA2, BRDT, BTC, BUB1, BUB1B, CAV2, CCDC79, CCNA1, CCNA2, CCNB2, CCNF, CCNG1, CDC14A, CDC25A, CDC25B, CDC6, CDCA3, CDCA8, CDK1, CDK11A, CDK3, CENPC, CENPE, CENPF, CENPN, CENPT, CENPW, CEP164, CEP55, CEP57, CEP57L1, CEP63, CEP85, CETN1, CETN2, CHEK1, CHMP4C, CHMP5, CHMP6, CKS2, CNTD1, CSNK2A1, CTDP1, CUL3, CUL9, CYP26B1, DAZL, DCLRE1A, DDX4, DEPDC1B, DHDDS, DIS3L2, DLGAP5, DMC1, DMRT1, DSCC1, DUSP13, DYNC1LI1, DYNLT1, DYNLT3, EDN1, EDN3, EGF, EPGN, EPS8, ERCC6L, EREG, FAM64A, FAM83D, FANCD2, FBXO43, FBXO5, FBXW5, FGF8, FGFR2, FGFR3, FKBP6, FMN2, FSD1, GEM, GEN1, HAUS1, HAUS2, HAUS3, HAUS6, HAUS8, HELLS, HEPACAM2, HFM1, HGF, HMGA2, HORMAD2, HOXA13, HSPA2, IGF1, IGF2, IL1B, IL6, INCENP, ING2, ING3, INS, ITGB3BP, KATNA1, KIF11, KIF14, KIF15, KIF18A, KIF20B, KIF23, KIF25, KIF2C, KIF4A, KLHL21, KLHL42, LATS2, LFNG, LMLN, M1AP, MAD2L1, MAD2L1BP, MAEL, MAP10, MAP9, MAPRE1, MAPRE2, MASTL, MEI1, MEI4, MEIOB, MISP, MKI67, MLH1, MOCOS, MPLKIP, MRE11A, MSH2, MSH4, MSH5, MSH6, MSX2, MTBP, MYBL2, NCAPD3, NCAPG, NCAPG2, NDC1, NDC80, NDE1, NEDD1, NEDD9, NEK2, NIPBL, NSL1, NSMCE2, NSUN2, NUDC, NUMA1, NUP214, NUP37, NUP43, NUSAP1, OIP5, P3H4, PAK6, PAPD5, PCID2, PDGFB, PDZD2, PHF13, PIBF1, PINX1, PLK1, PMEPA1, POLR1A, PPP1R9B, PSMG2, PTTG1, RAB11A, RAB33B, RAD50, RAD51, RAD51B, RAD51C, RAD51D, RAD54B, RAD54L, RAN, RANBP1, RBBP8, RCC1, RGCC, RHOA, RNF8, RRAD, RSL24D1, RSPO1, RUVBL1, SEPT2, SGOL1, SGOL2, SKA1, SKA2, SKA3, SLF2, SMC1B, SMC2, SMC3, SMC4, SNX18, SNX33, SNX9, SPAG5, SPATA22, SPDL1, SPDYA, SPO11, STAG1, STAG2, STAG3, STOX1, STRA8, SUGT1, SUN1, SYCE3, SYCP3, TADA3, TDRD12, TDRD9, TERF1, TEX11, TEX14, TIPIN, TOM1L1, TOP2A, TPX2, TRIOBP, TTK, TTN, TUBGCP3, TUBGCP6, UBE2B, USP16, USP44, VPS4B, VRK1, WEE1, WEE2, WNT5A, XIAP, XRCC3, YEATS4, ZWILCH]"
GO:0000819,4,Cell cycle,sister chromatid segregation,NA,0.000135124,NA,NA,NA,NA,NA,20,NA,NA,NA,NA,NA,[Group5],NA,NA,NA,NA,NA,TRUE,NA,NA,NA,NA,NA,"[BUB1, BUB1B, CENPE, CENPF, DSCC1, KIF14, KIF2C, MOCOS, NCAPD3, NCAPG, NDC80, NIPBL, PLK1, SMC2, SMC5, SPDL1, STRA8, TERF1, TTK, TTN]",NA,NA,NA,NA
GO:0051297,4,Cell cycle,centrosome organization,NA,0.005719676,NA,NA,NA,NA,NA,14,NA,NA,NA,NA,NA,[Group2],NA,NA,NA,NA,NA,TRUE,NA,NA,NA,NA,NA,"[BRCA1, CENPJ, CEP192, CETN3, HAUS1, HAUS6, HEPACAM2, KIF11, MCPH1, PKHD1, PLK1, PLK2, PLK4, TUBE1]",NA,NA,NA,NA
GO:0000398,5,Gene regulation,"mRNA splicing, via spliceosome",NA,NA,7.44E-07,NA,NA,NA,NA,NA,33,NA,NA,NA,NA,NA,[Group1],NA,NA,NA,NA,NA,FALSE,NA,NA,NA,NA,NA,"[ALYREF, BUD31, CELF1, CELF3, CPSF7, DAZAP1, DCPS, DYRK1A, HNRNPD, HNRNPR, LUC7L3, MBNL1, NOVA1, POLR2C, POLR2D, POLR2F, POLR2J, RBFOX1, RBM25, SNRPD3, SNU13, SPEN, SRPK2, SRRM1, SRRM4, SRSF1, SRSF2, U2AF1, WDR77, WTAP, YTHDC1, ZMAT2, ZMAT5]",NA,NA,NA
GO:0006352,5,Gene regulation,"DNA-templated transcription, initiation",NA,NA,3.26E-07,NA,NA,NA,NA,NA,37,NA,NA,NA,NA,NA,[Group17],NA,NA,NA,NA,NA,FALSE,NA,NA,NA,NA,NA,"[ATF7IP, CCNK, CCNT2, CDK9, COX6A1, COX7C, CREB1, CREBBP, ESRRG, GTF2A1, LAMTOR1, MAML2, MED8, MITF, NCOA6, NCOR2, NR1H3, NR3C2, POLR1D, POLR2C, POLR2D, POLR2F, POLR2J, PRDX1, PRKAA2, PSMC2, PSMC6, RARB, RHEB, RPS27A, SMAD7, SRF, TAF4, TAF9B, TSC1, USP9X, YWHAG]",NA,NA,NA
GO:0006367,5,Gene regulation,transcription initiation from RNA polymerase II promoter,NA,NA,8.83E-08,NA,NA,NA,NA,NA,35,NA,NA,NA,NA,NA,[Group17],NA,NA,NA,NA,NA,TRUE,NA,NA,NA,NA,NA,"[ATF7IP, CCNK, CCNT2, CDK9, COX6A1, COX7C, CREB1, CREBBP, ESRRG, GTF2A1, LAMTOR1, MAML2, MED8, NCOA6, NCOR2, NR1H3, NR3C2, POLR2C, POLR2D, POLR2F, POLR2J, PRDX1, PRKAA2, PSMC2, PSMC6, RARB, RHEB, RPS27A, SMAD7, SRF, TAF4, TAF9B, TSC1, USP9X, YWHAG]",NA,NA,NA
GO:0008380,5,Gene regulation,RNA splicing,NA,NA,5.62E-06,NA,NA,NA,NA,NA,38,NA,NA,NA,NA,NA,[Group1],NA,NA,NA,NA,NA,FALSE,NA,NA,NA,NA,NA,"[ALYREF, BUD31, CELF1, CELF3, CLK1, CLK4, CPSF7, DAZAP1, DCPS, DYRK1A, HNRNPD, HNRNPR, LUC7L3, MBNL1, MBNL3, NOVA1, POLR2C, POLR2D, POLR2F, POLR2J, RBFOX1, RBM25, SNRPD3, SNU13, SON, SPEN, SRPK2, SRRM1, SRRM4, SRSF1, SRSF2, SUPT6H, U2AF1, WDR77, WTAP, YTHDC1, ZMAT2, ZMAT5]",NA,NA,NA
GO:0016071,5,Gene regulation,mRNA metabolic process,NA,NA,3.20E-09,NA,NA,NA,NA,NA,61,NA,NA,NA,NA,NA,"[Group1, Group8]",NA,NA,NA,NA,NA,TRUE,NA,NA,NA,NA,NA,"[ALYREF, BUD31, CDK9, CELF1, CELF3, CELF5, CPEB1, CPSF7, DAZAP1, DCPS, DYRK1A, EXOSC9, HNRNPD, HNRNPR, LUC7L3, MBNL1, MBNL3, NOVA1, PNRC2, POLR2C, POLR2D, POLR2F, POLR2J, RBFOX1, RBM25, RPL22, RPL26L1, RPL32, RPL36A, RPL6, RPL7, RPL7A, RPS10, RPS11, RPS16, RPS17, RPS20, RPS27A, RPS28, RPS3, RPS3A, RPS4X, RQCD1, SNRPD3, SNU13, SON, SPEN, SRPK2, SRRM1, SRRM4, SRSF1, SRSF2, SUPT6H, TNRC6B, TNRC6C, U2AF1, WDR77, WTAP, YTHDC1, ZMAT2, ZMAT5]",NA,NA,NA
GO:0032446,6,Protein modification,protein modification by small protein conjugation,NA,NA,NA,3.27E-05,NA,NA,NA,NA,NA,68,NA,NA,NA,NA,NA,[Group4],NA,NA,NA,NA,NA,FALSE,NA,NA,NA,NA,NA,"[AREL1, ATM, BFAR, BIRC6, CAND1, CDC16, CHFR, CRY1, CTNNB1, CUL4B, DCAF12, DCAF17, FBXO32, FGFR3, HACE1, HDAC9, HECTD1, HERC1, HERC2, ITCH, KLHL13, KLHL7, LRRK2, LTN1, MARCH6, MIB1, MKRN1, MYCBP2, NEDD4, NUP133, NUP205, NUP214, NUP37, PSMA4, PSMB1, PSME4, RAD21, RAD52, RANBP2, RASSF3, RC3H1, RNF138, RNF149, RPA1, SENP6, SHPRH, SMC3, STAG1, STAG2, SUZ12, TNKS, TNKS2, TPP2, TRAF3, TRIP12, UBA2, UBA6, UBAC1, UBE3C, UBR1, UBR2, UBR3, UBR5, UBR7, WAC, WDR48, WDSUB1, WWP1]",NA,NA
GO:0070646,6,Protein modification,protein modification by small protein removal,NA,NA,NA,0.001536769,NA,NA,NA,NA,NA,18,NA,NA,NA,NA,NA,[None],NA,NA,NA,NA,NA,TRUE,NA,NA,NA,NA,NA,"[CYLD, EIF3F, ITCH, SENP6, TRRAP, UCHL3, USP15, USP24, USP3, USP32, USP34, USP37, USP38, USP40, USP7, USP8, USP9X, WDR48]",NA,NA
GO:0070647,6,Protein modification,protein modification by small protein conjugation or removal,NA,NA,NA,5.69E-08,NA,NA,NA,NA,NA,83,NA,NA,NA,NA,NA,[Group4],NA,NA,NA,NA,NA,TRUE,NA,NA,NA,NA,NA,"[AREL1, ATM, BFAR, BIRC6, CAND1, CDC16, CHFR, CRY1, CTNNB1, CUL4B, CYLD, DCAF12, DCAF17, EIF3F, FBXO32, FGFR3, HACE1, HDAC9, HECTD1, HERC1, HERC2, ITCH, KLHL13, KLHL7, LRRK2, LTN1, MARCH6, MIB1, MKRN1, MYCBP2, NEDD4, NUP133, NUP205, NUP214, NUP37, PSMA4, PSMB1, PSME4, RAD21, RAD52, RANBP2, RASSF3, RC3H1, RNF138, RNF149, RPA1, SENP6, SHPRH, SMC3, STAG1, STAG2, SUZ12, TNKS, TNKS2, TPP2, TRAF3, TRIP12, TRRAP, UBA2, UBA6, UBAC1, UBE3C, UBR1, UBR2, UBR3, UBR5, UBR7, UCHL3, USP15, USP24, USP3, USP32, USP34, USP37, USP38, USP40, USP7, USP8, USP9X, WAC, WDR48, WDSUB1, WWP1]",NA,NA
GO:0016601,7,Signal transduction,Rac protein signal transduction,NA,NA,NA,0.001652337,4.87E-07,NA,NA,NA,NA,47,101,NA,NA,NA,NA,[Group3],[Group3],NA,NA,NA,NA,TRUE,TRUE,NA,NA,NA,NA,"[ACAP2, ARFGEF1, ARFGEF2, ARFGEF3, ARHGAP29, ARHGEF10, ARHGEF7, ASAP1, CYTH3, DENND3, DENND5A, DENND5B, DOCK1, DOCK10, DOCK4, DOCK9, ELMOD1, FGD6, FNIP1, HACE1, HERC1, HERC2, IPO5, IQGAP1, LRRK2, MADD, MLLT4, MON2, MYO9B, NCKAP1, PLXNB2, PREX1, RAB3GAP1, RAB3GAP2, RAP1A, RASA2, RASGEF1B, RASGEF1C, RASGRP3, RGS10, RIN2, SNX13, SSX2IP, TBC1D15, TBC1D5, TBC1D8B, VAV3]","[AKAP13, ALS2, ARFGAP1, ARFGAP2, ARFGAP3, ARFGEF2, ARFGEF3, ARHGAP10, ARHGAP20, ARHGAP21, ARHGAP29, ARHGAP31, ARHGAP42, ARHGAP6, ARHGEF10, ARHGEF26, ARHGEF7, BCAR3, BCR, BIN1, BNIP2, BRD8, CDH13, CYTH4, DENND1A, DENND2D, DEPDC5, DOCK1, DOCK11, DOCK2, DOCK4, DOCK7, DOCK9, ELMO1, EPHA3, EPHA4, EPHB3, EPS8, EZH2, FARP2, FGD3, FGD4, GNAO1, HACE1, HERC2, IQGAP1, ITSN1, ITSN2, LIMS1, LRRK2, MCF2L, MYO9A, MYO9B, NF1, NISCH, NTRK3, OBSCN, OPHN1, PDE6D, PKP4, PLCE1, PLEKHG1, PLEKHG4, PLXNB2, PREX2, PRKG1, PROM2, RALGAPA1, RALGAPA2, RALGAPB, RALGDS, RAPGEF6, RASA2, RASGEF1B, RASGRP1, REPS1, RGL1, RGS11, RGS3, SBF2, SERGEF, SNX9, SOS1, SPATA13, SRGAP1, SRGAP2, SSX2IP, ST5, SYDE2, TBC1D1, TBC1D15, TBC1D2B, TBC1D3F, TBC1D8, TBC1D8B, TBCD, TIAM1, TIAM2, TRIO, USP6NL, WASF2]",NA
GO:1900746,7,Signal transduction,regulation of vascular endothelial growth factor signaling pathway,4.17E-05,NA,NA,NA,NA,NA,6,NA,NA,NA,NA,NA,[Group2],NA,NA,NA,NA,NA,TRUE,NA,NA,NA,NA,NA,"[ADAMTS3, ADGRA2, CCBE1, MYO1E, NRG1, XDH]",NA,NA,NA,NA,NA
GO:0030258,8,Lipid metabolism,lipid modification,NA,NA,NA,0.001730302,NA,NA,NA,NA,NA,22,NA,NA,NA,NA,NA,[Group2],NA,NA,NA,NA,NA,FALSE,NA,NA,NA,NA,NA,"[ABCD3, ACAD11, ADIPOR2, APOD, CPT1A, CROT, IMPAD1, INPP5A, MAPK14, MTMR6, MTMR7, PCCA, PI4KA, PIK3C2A, PIK3CA, PIK3CB, PPAPDC1A, PPARGC1A, PRKAA1, SACM1L, SCP2, SMG1]",NA,NA
GO:0046486,8,Lipid metabolism,glycerolipid metabolic process,NA,NA,NA,0.00037846,NA,NA,NA,NA,NA,37,NA,NA,NA,NA,NA,[Group2],NA,NA,NA,NA,NA,TRUE,NA,NA,NA,NA,NA,"[ABHD3, ACSL1, ACSL4, APOH, ATM, CDS1, CPNE3, CPT1A, ELOVL5, ENPP2, GK5, GNPAT, GPAM, IMPAD1, INPP4B, INPP5A, INSIG1, LPIN1, MBOAT2, MOGAT1, MTMR6, MTMR7, PGAP1, PI4KA, PIGF, PIGN, PIK3C2A, PIK3CA, PIK3CB, PNPLA2, PRKACB, PRKCA, PTDSS1, SACM1L, SERAC1, SLC44A5, SMG1]",NA,NA
GO:0051270,9,Response to stimulus,regulation of cellular component movement,0.000227232,NA,NA,NA,NA,0.012556383,43,NA,NA,NA,NA,323,[Group3],NA,NA,NA,NA,[Group9],TRUE,NA,NA,NA,NA,FALSE,"[ACE, ADGRA2, ARSB, B4GALT1, CCBE1, CHRD, CREB3, DAB2, DDX58, DSP, EGFR, FER, FGF10, FN1, GSN, IKBKAP, ITGA2, LAMA2, MACF1, MAP3K1, MCC, MPP1, MYO1E, NOTCH1, NR2F1, NRG1, NUP155, PDE4D, PDZD2, PKP2, PLXNA4, PLXND1, ROR2, SEPP1, SLIT3, SRFBP1, STAT3, SYNE2, TEK, THBS1, THBS4, TNNC1, UNC5C]",NA,NA,NA,NA,"[AAMP, ACE, ACVR1, ADA, ADAM10, ADAM8, ADAM9, ADGRG3, ADIPOQ, AGT, AGTR2, AGXT, AMOT, AMOTL1, ANGPT1, ANGPT2, ANGPT4, ANGPTL3, ANO6, ANXA1, ANXA5, AP1AR, AQP1, ARAP1, ARHGEF39, ARMC4, BAG4, BBS4, BDKRB1, BMP10, BMP4, BMP5, C1D, C3AR1, C5, CAV1, CBLL1, CCDC39, CCDC40, CCL20, CCL21, CCL5, CCR6, CCR7, CD274, CD81, CDK6, CEMIP, CGA, CHST3, CIB1, CLIC4, CNN2, COL18A1, COL3A1, CTSH, CX3CR1, CXCL12, CXCL13, CXCL8, CYGB, CYP19A1, CYP1B1, CYR61, DAPK2, DCN, DLEC1, DLL4, DNAAF1, DOCK5, DPYSL3, DRD1, DSG2, DSP, EDN1, EDN2, EDN3, EFEMP1, EGFR, EHHADH, ELP6, EMP2, ENG, ENPP2, EPB41L4B, EPCAM, EPHA1, EPHA2, ETS1, F10, F2RL1, F3, F7, FADD, FAM110C, FAM60A, FAM83H, FBLN1, FES, FGF10, FGF16, FGF2, FGF4, FGF7, FGR, FIGF, FLT4, FN1, FSHB, FURIN, FYCO1, GATA3, GATA4, GDF2, GLIPR2, GNA12, GNA13, GNRH1, GPLD1, GREM1, GTPBP4, HAS2, HBEGF, HGF, HMGB1, HMOX1, HOXA7, HRG, HSPA5, HSPB1, HYAL1, IFNG, IGBP1, IGF1, IGFBP3, IL1B, IL4, IL6, INS, IRS2, ITGA4, ITGB1, JAG1, JAG2, KANK1, KCNJ2, KDR, KIF14, KIF20B, KIT, KITLG, KLF4, KRIT1, LAMA1, LAMA2, LAMA3, LAMB1, LAMP1, LBP, LEF1, LGR6, LRRC15, LYN, MAP2K2, MARVELD3, MCAM, MET, MIA3, MIIP, MKKS, MMP28, MMP9, MMRN2, MSN, MST1, MYBPC3, MYD88, MYLK, MYLK2, MYO1F, NDRG4, NEXN, NF2, NISCH, NOG, NOV, NOX4, NR2E1, NR2F2, NTF3, NTN1, OLFM1, OLFM4, P2RY2, PARD6B, PAWR, PAX6, PBLD, PCID2, PDCD10, PDGFB, PDGFC, PDGFD, PDGFRA, PDPK1, PDZD2, PECAM1, PHLDA2, PITX2, PKHD1, PKP2, PLAU, PLD1, PLN, PLXNB2, PLXNC1, PODN, PODXL, POSTN, PPM1F, PRCP, PRKD1, PRKX, PROX1, PRR5L, PTAFR, PTGER4, PTGS2, PTN, PTP4A1, PTPN22, PTPRC, PTPRJ, PTPRM, PTPRO, PTPRR, PTRH2, RAB11A, RAB25, RABGEF1, RAC2, RELN, RET, RGCC, RGN, RHOA, RIPK3, RLTPR, RNF207, RNMT, ROBO4, ROCK1, ROR2, RORA, RRAS2, RREB1, RTN4, S1PR1, SCN5A, SDC4, SEMA3A, SEMA3B, SEMA3C, SEMA3D, SEMA3E, SEMA3F, SEMA3G, SEMA4B, SEPP1, SERPINB3, SERPINE2, SERPINF1, SFRP1, SFRP2, SHH, SLC26A5, SMAD3, SNAI2, SOX14, SPAM1, SPATA13, SST, SSX2IP, STC1, STK10, SULF1, SYNE2, SYNJ2BP, TAC1, TACSTD2, TBCCD1, TBX5, TCAF2, TDGF1, TGFB2, TGFBR1, TGFBR2, TGFBR3, THBS1, TIE1, TLR2, TNNC1, TNNT2, TRIB1, TTLL6, ULK4, UNC5C, UNC5D, UTS2, VASH1, VCL, VEGFC, VIL1, VTN, WASH1, WDPCP, WDR44, WNT11, WNT5A, WNT5B, WNT7A, XCL1, ZP3]"
GO:0070848,9,Response to stimulus,response to growth factor,0.000181394,NA,NA,NA,NA,NA,44,NA,NA,NA,NA,NA,[Group2],NA,NA,NA,NA,NA,FALSE,NA,NA,NA,NA,NA,"[ADAMTS3, ADGRA2, AKAP13, ARHGEF17, ARHGEF18, CCBE1, CLTA, COL4A2, DAB2, DMD, EGFR, FBN2, FBN3, FER, FGF10, GPC1, MAP3K1, MCF2, MEF2C, MICALL1, MYO1E, MYOF, NCOR2, NOS1, NOTCH1, NREP, NRG1, OBSCN, PCSK5, PCSK6, PDZD2, PIK3R2, RICTOR, RIT2, SHC3, SOX6, SRFBP1, STAT3, THBS1, TNC, TNNC1, TPR, TSC2, XDH]",NA,NA,NA,NA,NA
GO:0007605,10,Sensory perception,sensory perception of sound,NA,0.001991049,NA,NA,NA,NA,NA,19,NA,NA,NA,NA,NA,[Group1],NA,NA,NA,NA,NA,FALSE,NA,NA,NA,NA,NA,"[ADGRV1, ALDH7A1, CDH1, COL4A3, EYA4, HEXB, LOXHD1, MARVELD2, NIPBL, OTOG, OTOGL, PTPRQ, SLC17A8, TBX1, TECTA, TMC1, TMC2, USH1C, USH2A]",NA,NA,NA,NA
GO:0050954,10,Sensory perception,sensory perception of mechanical stimulus,NA,0.000940664,NA,NA,NA,NA,NA,21,NA,NA,NA,NA,NA,[Group1],NA,NA,NA,NA,NA,TRUE,NA,NA,NA,NA,NA,"[ADGRV1, ALDH7A1, CDH1, COL4A3, EYA4, HEXB, ITGA2, LOXHD1, MARVELD2, NIPBL, OTOG, OTOGL, PTPRQ, SLC17A8, TBX1, TECTA, TMC1, TMC2, TRPA1, USH1C, USH2A]",NA,NA,NA,NA
